bug.id,project_id,revision.id.buggy,revision.id.fixed,report.id,report.url,buggy_commit_url,fixed_commit_url,compare_url
1,D3,0f2846ef1701ee11ed1d71e298775e8073f2975d,9e51c6efa376f6b520a48dd5b997b2808809f771,88,https://github.com/d3/d3/issues/88,https://github.com/d3/d3/tree/0f2846ef1701ee11ed1d71e298775e8073f2975d,https://github.com/d3/d3/tree/9e51c6efa376f6b520a48dd5b997b2808809f771,https://github.com/d3/d3/compare/0f2846ef1701ee11ed1d71e298775e8073f2975d...9e51c6efa376f6b520a48dd5b997b2808809f771
2,D3,43e2ccca4141adfc8ca64764dcaa1a44e2b0958f,7a6f04ed528d3e53b17df63530bf9a6a3e5f3f2b,121,https://github.com/d3/d3/issues/121,https://github.com/d3/d3/tree/43e2ccca4141adfc8ca64764dcaa1a44e2b0958f,https://github.com/d3/d3/tree/7a6f04ed528d3e53b17df63530bf9a6a3e5f3f2b,https://github.com/d3/d3/compare/43e2ccca4141adfc8ca64764dcaa1a44e2b0958f...7a6f04ed528d3e53b17df63530bf9a6a3e5f3f2b
3,D3,1578595a18f6c7b3a46d98e5f68de18aebc4dd19,7ab5e3567f6c5976c90e30d13e5b6ee3890590f1,78,https://github.com/d3/d3/issues/78,https://github.com/d3/d3/tree/1578595a18f6c7b3a46d98e5f68de18aebc4dd19,https://github.com/d3/d3/tree/7ab5e3567f6c5976c90e30d13e5b6ee3890590f1,https://github.com/d3/d3/compare/1578595a18f6c7b3a46d98e5f68de18aebc4dd19...7ab5e3567f6c5976c90e30d13e5b6ee3890590f1
4,D3,25e77c4f67034a42dec62ae44c54e78d8bbe5b2c,d8c8b5ddd6d433b7c80bc5e3e469fdf277c1aa16,161,https://github.com/d3/d3/issues/161,https://github.com/d3/d3/tree/25e77c4f67034a42dec62ae44c54e78d8bbe5b2c,https://github.com/d3/d3/tree/d8c8b5ddd6d433b7c80bc5e3e469fdf277c1aa16,https://github.com/d3/d3/compare/25e77c4f67034a42dec62ae44c54e78d8bbe5b2c...d8c8b5ddd6d433b7c80bc5e3e469fdf277c1aa16
5,D3,7e08dc10efa35112a8692bd371cc533c9aaa6328,25e77c4f67034a42dec62ae44c54e78d8bbe5b2c,161,https://github.com/d3/d3/issues/161,https://github.com/d3/d3/tree/7e08dc10efa35112a8692bd371cc533c9aaa6328,https://github.com/d3/d3/tree/25e77c4f67034a42dec62ae44c54e78d8bbe5b2c,https://github.com/d3/d3/compare/7e08dc10efa35112a8692bd371cc533c9aaa6328...25e77c4f67034a42dec62ae44c54e78d8bbe5b2c
6,D3,db0de498380ca08a8bc208c9f6a53f988644fa76,1cbda3067d6c11a05f08fcd4afa46ecfcfcba528,188,https://github.com/d3/d3/issues/188,https://github.com/d3/d3/tree/db0de498380ca08a8bc208c9f6a53f988644fa76,https://github.com/d3/d3/tree/1cbda3067d6c11a05f08fcd4afa46ecfcfcba528,https://github.com/d3/d3/compare/db0de498380ca08a8bc208c9f6a53f988644fa76...1cbda3067d6c11a05f08fcd4afa46ecfcfcba528
7,D3,98ef2d185f5b027e888134a063b82ad4846106bb,7e08dc10efa35112a8692bd371cc533c9aaa6328,162,https://github.com/d3/d3/issues/162,https://github.com/d3/d3/tree/98ef2d185f5b027e888134a063b82ad4846106bb,https://github.com/d3/d3/tree/7e08dc10efa35112a8692bd371cc533c9aaa6328,https://github.com/d3/d3/compare/98ef2d185f5b027e888134a063b82ad4846106bb...7e08dc10efa35112a8692bd371cc533c9aaa6328
8,D3,4f16bbd9e7ed1192ad914fab0f1efa14a197ce73,db0de498380ca08a8bc208c9f6a53f988644fa76,192,https://github.com/d3/d3/issues/192,https://github.com/d3/d3/tree/4f16bbd9e7ed1192ad914fab0f1efa14a197ce73,https://github.com/d3/d3/tree/db0de498380ca08a8bc208c9f6a53f988644fa76,https://github.com/d3/d3/compare/4f16bbd9e7ed1192ad914fab0f1efa14a197ce73...db0de498380ca08a8bc208c9f6a53f988644fa76
9,D3,2c52c37b8cee74ad714b879104c079978dac18d5,759071327034770c54833a2aa5896ec4e95c8e18,66,https://github.com/d3/d3/issues/66,https://github.com/d3/d3/tree/2c52c37b8cee74ad714b879104c079978dac18d5,https://github.com/d3/d3/tree/759071327034770c54833a2aa5896ec4e95c8e18,https://github.com/d3/d3/compare/2c52c37b8cee74ad714b879104c079978dac18d5...759071327034770c54833a2aa5896ec4e95c8e18
10,D3,759071327034770c54833a2aa5896ec4e95c8e18,9cd6a46019e9eea5aca93e24365cd1efc699d27e,236,https://github.com/d3/d3/issues/236,https://github.com/d3/d3/tree/759071327034770c54833a2aa5896ec4e95c8e18,https://github.com/d3/d3/tree/9cd6a46019e9eea5aca93e24365cd1efc699d27e,https://github.com/d3/d3/compare/759071327034770c54833a2aa5896ec4e95c8e18...9cd6a46019e9eea5aca93e24365cd1efc699d27e
11,D3,e2119b8ccf092455e728fbfa19385dfeaeea4032,0752a014afab5df9dc652e24c31cb47f617b25c9,187,https://github.com/d3/d3/issues/187,https://github.com/d3/d3/tree/e2119b8ccf092455e728fbfa19385dfeaeea4032,https://github.com/d3/d3/tree/0752a014afab5df9dc652e24c31cb47f617b25c9,https://github.com/d3/d3/compare/e2119b8ccf092455e728fbfa19385dfeaeea4032...0752a014afab5df9dc652e24c31cb47f617b25c9
12,D3,0f2846ef1701ee11ed1d71e298775e8073f2975d,1578595a18f6c7b3a46d98e5f68de18aebc4dd19,78,https://github.com/d3/d3/issues/78,https://github.com/d3/d3/tree/0f2846ef1701ee11ed1d71e298775e8073f2975d,https://github.com/d3/d3/tree/1578595a18f6c7b3a46d98e5f68de18aebc4dd19,https://github.com/d3/d3/compare/0f2846ef1701ee11ed1d71e298775e8073f2975d...1578595a18f6c7b3a46d98e5f68de18aebc4dd19
13,D3,98ef2d185f5b027e888134a063b82ad4846106bb,a59683e3251192ac6b6586bfbbae31e74c259444,156,https://github.com/d3/d3/issues/156,https://github.com/d3/d3/tree/98ef2d185f5b027e888134a063b82ad4846106bb,https://github.com/d3/d3/tree/a59683e3251192ac6b6586bfbbae31e74c259444,https://github.com/d3/d3/compare/98ef2d185f5b027e888134a063b82ad4846106bb...a59683e3251192ac6b6586bfbbae31e74c259444
14,D3,cd135d5e90c188d7cf06b7b455ceafb64d10b6a3,874c6f4503361fde7de81c7618d7909728ece3d2,274,https://github.com/d3/d3/issues/274,https://github.com/d3/d3/tree/cd135d5e90c188d7cf06b7b455ceafb64d10b6a3,https://github.com/d3/d3/tree/874c6f4503361fde7de81c7618d7909728ece3d2,https://github.com/d3/d3/compare/cd135d5e90c188d7cf06b7b455ceafb64d10b6a3...874c6f4503361fde7de81c7618d7909728ece3d2
15,D3,ce75813d15280f2c59ccdf2796b0202cea740ce2,ed71513b99efa509598183c0b08decba35bfc3fd,239,https://github.com/d3/d3/issues/239,https://github.com/d3/d3/tree/ce75813d15280f2c59ccdf2796b0202cea740ce2,https://github.com/d3/d3/tree/ed71513b99efa509598183c0b08decba35bfc3fd,https://github.com/d3/d3/compare/ce75813d15280f2c59ccdf2796b0202cea740ce2...ed71513b99efa509598183c0b08decba35bfc3fd
16,D3,82385841fc2d1df007e198988ae85d2e60676559,2440287d4558585a6d4673a2317cb376078d401a,207,https://github.com/d3/d3/issues/207,https://github.com/d3/d3/tree/82385841fc2d1df007e198988ae85d2e60676559,https://github.com/d3/d3/tree/2440287d4558585a6d4673a2317cb376078d401a,https://github.com/d3/d3/compare/82385841fc2d1df007e198988ae85d2e60676559...2440287d4558585a6d4673a2317cb376078d401a
17,D3,4a0c3842b9baa76f2989ea5157a8523171abf89e,d57e2784859bf0f8b96934acb43da5a9253c5567,348,https://github.com/d3/d3/issues/348,https://github.com/d3/d3/tree/4a0c3842b9baa76f2989ea5157a8523171abf89e,https://github.com/d3/d3/tree/d57e2784859bf0f8b96934acb43da5a9253c5567,https://github.com/d3/d3/compare/4a0c3842b9baa76f2989ea5157a8523171abf89e...d57e2784859bf0f8b96934acb43da5a9253c5567
18,D3,338094e6d88c67f2c4577aa72b042c2f9bec8438,0ad900ab190d7dae27a38e1ac6197662ab7d3a11,235,https://github.com/d3/d3/issues/235,https://github.com/d3/d3/tree/338094e6d88c67f2c4577aa72b042c2f9bec8438,https://github.com/d3/d3/tree/0ad900ab190d7dae27a38e1ac6197662ab7d3a11,https://github.com/d3/d3/compare/338094e6d88c67f2c4577aa72b042c2f9bec8438...0ad900ab190d7dae27a38e1ac6197662ab7d3a11
19,D3,0ad900ab190d7dae27a38e1ac6197662ab7d3a11,392ded0820247224b549cad66053a604d5b02eb3,294,https://github.com/d3/d3/issues/294,https://github.com/d3/d3/tree/0ad900ab190d7dae27a38e1ac6197662ab7d3a11,https://github.com/d3/d3/tree/392ded0820247224b549cad66053a604d5b02eb3,https://github.com/d3/d3/compare/0ad900ab190d7dae27a38e1ac6197662ab7d3a11...392ded0820247224b549cad66053a604d5b02eb3
20,D3,fb7e69f75ea3b524d87dae454375c200a360cd2a,04d2d546cfcd6616944cf23a0ad8eb935694e620,136,https://github.com/d3/d3/issues/136,https://github.com/d3/d3/tree/fb7e69f75ea3b524d87dae454375c200a360cd2a,https://github.com/d3/d3/tree/04d2d546cfcd6616944cf23a0ad8eb935694e620,https://github.com/d3/d3/compare/fb7e69f75ea3b524d87dae454375c200a360cd2a...04d2d546cfcd6616944cf23a0ad8eb935694e620
21,D3,f90bc4fd50cdf8d9e47fa01fd3428e6b7705bcd3,d024c3f82c620681187ab15ed23e3cba28e54e11,286,https://github.com/d3/d3/issues/286,https://github.com/d3/d3/tree/f90bc4fd50cdf8d9e47fa01fd3428e6b7705bcd3,https://github.com/d3/d3/tree/d024c3f82c620681187ab15ed23e3cba28e54e11,https://github.com/d3/d3/compare/f90bc4fd50cdf8d9e47fa01fd3428e6b7705bcd3...d024c3f82c620681187ab15ed23e3cba28e54e11
22,D3,c0e5b96336e676fd84cb4a7bbb70686a3c809359,4a0c3842b9baa76f2989ea5157a8523171abf89e,347,https://github.com/d3/d3/issues/347,https://github.com/d3/d3/tree/c0e5b96336e676fd84cb4a7bbb70686a3c809359,https://github.com/d3/d3/tree/4a0c3842b9baa76f2989ea5157a8523171abf89e,https://github.com/d3/d3/compare/c0e5b96336e676fd84cb4a7bbb70686a3c809359...4a0c3842b9baa76f2989ea5157a8523171abf89e
23,D3,12711f2e49aecd5b71eb576ef26464035586da22,2be4efd609575bfbe18bdf8362f66ea5ee5645ef,392,https://github.com/d3/d3/issues/392,https://github.com/d3/d3/tree/12711f2e49aecd5b71eb576ef26464035586da22,https://github.com/d3/d3/tree/2be4efd609575bfbe18bdf8362f66ea5ee5645ef,https://github.com/d3/d3/compare/12711f2e49aecd5b71eb576ef26464035586da22...2be4efd609575bfbe18bdf8362f66ea5ee5645ef
24,D3,7a1f67b1b62c166efc409bb0dc4593d13fccf197,d237320c3990da896c2d1bee8ec20701d9a2a5c7,281,https://github.com/d3/d3/issues/281,https://github.com/d3/d3/tree/7a1f67b1b62c166efc409bb0dc4593d13fccf197,https://github.com/d3/d3/tree/d237320c3990da896c2d1bee8ec20701d9a2a5c7,https://github.com/d3/d3/compare/7a1f67b1b62c166efc409bb0dc4593d13fccf197...d237320c3990da896c2d1bee8ec20701d9a2a5c7
25,D3,05d871b71628fc55b0507031f3268372aa0961c5,d49c499c68e6dda9b5c4a8e3559470543057d5a4,396,https://github.com/d3/d3/issues/396,https://github.com/d3/d3/tree/05d871b71628fc55b0507031f3268372aa0961c5,https://github.com/d3/d3/tree/d49c499c68e6dda9b5c4a8e3559470543057d5a4,https://github.com/d3/d3/compare/05d871b71628fc55b0507031f3268372aa0961c5...d49c499c68e6dda9b5c4a8e3559470543057d5a4
26,D3,7fe3ae41839e059db6f985d5556bcfbd5d9d80ff,204506cfb9880faaae029d601221d167d7837171,377,https://github.com/d3/d3/issues/377,https://github.com/d3/d3/tree/7fe3ae41839e059db6f985d5556bcfbd5d9d80ff,https://github.com/d3/d3/tree/204506cfb9880faaae029d601221d167d7837171,https://github.com/d3/d3/compare/7fe3ae41839e059db6f985d5556bcfbd5d9d80ff...204506cfb9880faaae029d601221d167d7837171
27,D3,117942e28462a46d7f24a8c805c250ddb9fe89d7,0e5bca1e0ab2a9d00b6fd6ee94c12477c147a515,478,https://github.com/d3/d3/issues/478,https://github.com/d3/d3/tree/117942e28462a46d7f24a8c805c250ddb9fe89d7,https://github.com/d3/d3/tree/0e5bca1e0ab2a9d00b6fd6ee94c12477c147a515,https://github.com/d3/d3/compare/117942e28462a46d7f24a8c805c250ddb9fe89d7...0e5bca1e0ab2a9d00b6fd6ee94c12477c147a515
28,D3,f67e89597db87f017c3d4706448ebe3ff8528853,85ad3c16b031f2e21969123fbf3749f796623226,443,https://github.com/d3/d3/issues/443,https://github.com/d3/d3/tree/f67e89597db87f017c3d4706448ebe3ff8528853,https://github.com/d3/d3/tree/85ad3c16b031f2e21969123fbf3749f796623226,https://github.com/d3/d3/compare/f67e89597db87f017c3d4706448ebe3ff8528853...85ad3c16b031f2e21969123fbf3749f796623226
29,D3,ad76418aee189ef1fd60fb8b88b19a0310c442ea,5b27271364615c93fe1add3e620c04ebbbefb9a8,446,https://github.com/d3/d3/issues/446,https://github.com/d3/d3/tree/ad76418aee189ef1fd60fb8b88b19a0310c442ea,https://github.com/d3/d3/tree/5b27271364615c93fe1add3e620c04ebbbefb9a8,https://github.com/d3/d3/compare/ad76418aee189ef1fd60fb8b88b19a0310c442ea...5b27271364615c93fe1add3e620c04ebbbefb9a8
30,D3,76400ac15dc62aa37dbf897b00705da44c04fe7c,61d3d897cbfd0d7afa0490f432cfa68be37d3e33,487,https://github.com/d3/d3/issues/487,https://github.com/d3/d3/tree/76400ac15dc62aa37dbf897b00705da44c04fe7c,https://github.com/d3/d3/tree/61d3d897cbfd0d7afa0490f432cfa68be37d3e33,https://github.com/d3/d3/compare/76400ac15dc62aa37dbf897b00705da44c04fe7c...61d3d897cbfd0d7afa0490f432cfa68be37d3e33
31,D3,05d871b71628fc55b0507031f3268372aa0961c5,6477daa9ee0b1a099df00458301b221c6e48a2f9,403,https://github.com/d3/d3/issues/403,https://github.com/d3/d3/tree/05d871b71628fc55b0507031f3268372aa0961c5,https://github.com/d3/d3/tree/6477daa9ee0b1a099df00458301b221c6e48a2f9,https://github.com/d3/d3/compare/05d871b71628fc55b0507031f3268372aa0961c5...6477daa9ee0b1a099df00458301b221c6e48a2f9
32,D3,e46b1615a10fef9e56cf62fc581feb5a135b383e,41371adc98551b339d760652db49d2ffb09e06bf,576,https://github.com/d3/d3/issues/576,https://github.com/d3/d3/tree/e46b1615a10fef9e56cf62fc581feb5a135b383e,https://github.com/d3/d3/tree/41371adc98551b339d760652db49d2ffb09e06bf,https://github.com/d3/d3/compare/e46b1615a10fef9e56cf62fc581feb5a135b383e...41371adc98551b339d760652db49d2ffb09e06bf
33,D3,05d871b71628fc55b0507031f3268372aa0961c5,bb47c1096692e944820f120a3f1bad3cf813796d,405,https://github.com/d3/d3/issues/405,https://github.com/d3/d3/tree/05d871b71628fc55b0507031f3268372aa0961c5,https://github.com/d3/d3/tree/bb47c1096692e944820f120a3f1bad3cf813796d,https://github.com/d3/d3/compare/05d871b71628fc55b0507031f3268372aa0961c5...bb47c1096692e944820f120a3f1bad3cf813796d
34,D3,1196f55b4327e8f655c1388ecf50b4d646f22a26,40c731d6885b51e469b02c2f6b65524410c8b097,434,https://github.com/d3/d3/issues/434,https://github.com/d3/d3/tree/1196f55b4327e8f655c1388ecf50b4d646f22a26,https://github.com/d3/d3/tree/40c731d6885b51e469b02c2f6b65524410c8b097,https://github.com/d3/d3/compare/1196f55b4327e8f655c1388ecf50b4d646f22a26...40c731d6885b51e469b02c2f6b65524410c8b097
35,D3,dd2a424f2bdb8fae1dab5ac27168f5bba186a0c4,4059d3b3f5197075686821aeaaa578fbb4c478bb,661,https://github.com/d3/d3/issues/661,https://github.com/d3/d3/tree/dd2a424f2bdb8fae1dab5ac27168f5bba186a0c4,https://github.com/d3/d3/tree/4059d3b3f5197075686821aeaaa578fbb4c478bb,https://github.com/d3/d3/compare/dd2a424f2bdb8fae1dab5ac27168f5bba186a0c4...4059d3b3f5197075686821aeaaa578fbb4c478bb
36,D3,e71de33e31bf0ea539e5085566cca6061aa17c88,10570e915d6781f4af0e335bc67805764174678a,691,https://github.com/d3/d3/issues/691,https://github.com/d3/d3/tree/e71de33e31bf0ea539e5085566cca6061aa17c88,https://github.com/d3/d3/tree/10570e915d6781f4af0e335bc67805764174678a,https://github.com/d3/d3/compare/e71de33e31bf0ea539e5085566cca6061aa17c88...10570e915d6781f4af0e335bc67805764174678a
37,D3,544addb462ee96fe9a0674203d1af462d9b8fd01,1893f2941b6f25d55a9fd0c516b186fa77384bac,726,https://github.com/d3/d3/issues/726,https://github.com/d3/d3/tree/544addb462ee96fe9a0674203d1af462d9b8fd01,https://github.com/d3/d3/tree/1893f2941b6f25d55a9fd0c516b186fa77384bac,https://github.com/d3/d3/compare/544addb462ee96fe9a0674203d1af462d9b8fd01...1893f2941b6f25d55a9fd0c516b186fa77384bac
38,D3,76400ac15dc62aa37dbf897b00705da44c04fe7c,3a4f45fc5cf7d4ff8894d14f4cfdce40c144d6b4,475,https://github.com/d3/d3/issues/475,https://github.com/d3/d3/tree/76400ac15dc62aa37dbf897b00705da44c04fe7c,https://github.com/d3/d3/tree/3a4f45fc5cf7d4ff8894d14f4cfdce40c144d6b4,https://github.com/d3/d3/compare/76400ac15dc62aa37dbf897b00705da44c04fe7c...3a4f45fc5cf7d4ff8894d14f4cfdce40c144d6b4
39,D3,3064f0aaf52f7cc3f1c68dd541b8c0cdb2ac18ce,91630afcab4cee316817ec930b9bfb034b8e10e0,746,https://github.com/d3/d3/issues/746,https://github.com/d3/d3/tree/3064f0aaf52f7cc3f1c68dd541b8c0cdb2ac18ce,https://github.com/d3/d3/tree/91630afcab4cee316817ec930b9bfb034b8e10e0,https://github.com/d3/d3/compare/3064f0aaf52f7cc3f1c68dd541b8c0cdb2ac18ce...91630afcab4cee316817ec930b9bfb034b8e10e0
40,D3,342924c23fea69b962293469e804ee6e276e929b,1c32d23fa4d113b37dd76642b1a8cae4c0b5aba8,473,https://github.com/d3/d3/issues/473,https://github.com/d3/d3/tree/342924c23fea69b962293469e804ee6e276e929b,https://github.com/d3/d3/tree/1c32d23fa4d113b37dd76642b1a8cae4c0b5aba8,https://github.com/d3/d3/compare/342924c23fea69b962293469e804ee6e276e929b...1c32d23fa4d113b37dd76642b1a8cae4c0b5aba8
41,D3,0cf999b08f9757e5f782c4cc99031a48f96bf063,f13d60b2ab303324f053d53f086b83f66712acf8,493,https://github.com/d3/d3/issues/493,https://github.com/d3/d3/tree/0cf999b08f9757e5f782c4cc99031a48f96bf063,https://github.com/d3/d3/tree/f13d60b2ab303324f053d53f086b83f66712acf8,https://github.com/d3/d3/compare/0cf999b08f9757e5f782c4cc99031a48f96bf063...f13d60b2ab303324f053d53f086b83f66712acf8
42,D3,76400ac15dc62aa37dbf897b00705da44c04fe7c,7a4a8ec8fed601f9f4e51c18aedb00b29fdc8458,498,https://github.com/d3/d3/issues/498,https://github.com/d3/d3/tree/76400ac15dc62aa37dbf897b00705da44c04fe7c,https://github.com/d3/d3/tree/7a4a8ec8fed601f9f4e51c18aedb00b29fdc8458,https://github.com/d3/d3/compare/76400ac15dc62aa37dbf897b00705da44c04fe7c...7a4a8ec8fed601f9f4e51c18aedb00b29fdc8458
43,D3,63979e25d7e1082d73de3ae4e54387d98951b07d,2810d3cc1bbcb4fb94300db4104b2bd5eb237c5d,997,https://github.com/d3/d3/issues/997,https://github.com/d3/d3/tree/63979e25d7e1082d73de3ae4e54387d98951b07d,https://github.com/d3/d3/tree/2810d3cc1bbcb4fb94300db4104b2bd5eb237c5d,https://github.com/d3/d3/compare/63979e25d7e1082d73de3ae4e54387d98951b07d...2810d3cc1bbcb4fb94300db4104b2bd5eb237c5d
44,D3,11a19ec03d21a2908ce2d0ceed954e6a41a58cfc,246d8197e354868d628b0d5f8b061e2ef232ba36,1016,https://github.com/d3/d3/issues/1016,https://github.com/d3/d3/tree/11a19ec03d21a2908ce2d0ceed954e6a41a58cfc,https://github.com/d3/d3/tree/246d8197e354868d628b0d5f8b061e2ef232ba36,https://github.com/d3/d3/compare/11a19ec03d21a2908ce2d0ceed954e6a41a58cfc...246d8197e354868d628b0d5f8b061e2ef232ba36
45,D3,e71de33e31bf0ea539e5085566cca6061aa17c88,ae1fed7f4f7c9a585190cfa08f30d4878cb311fa,688,https://github.com/d3/d3/issues/688,https://github.com/d3/d3/tree/e71de33e31bf0ea539e5085566cca6061aa17c88,https://github.com/d3/d3/tree/ae1fed7f4f7c9a585190cfa08f30d4878cb311fa,https://github.com/d3/d3/compare/e71de33e31bf0ea539e5085566cca6061aa17c88...ae1fed7f4f7c9a585190cfa08f30d4878cb311fa
46,D3,246d8197e354868d628b0d5f8b061e2ef232ba36,4dc996e5753b089c4fb47a5643a852a4c7de9886,1022,https://github.com/d3/d3/issues/1022,https://github.com/d3/d3/tree/246d8197e354868d628b0d5f8b061e2ef232ba36,https://github.com/d3/d3/tree/4dc996e5753b089c4fb47a5643a852a4c7de9886,https://github.com/d3/d3/compare/246d8197e354868d628b0d5f8b061e2ef232ba36...4dc996e5753b089c4fb47a5643a852a4c7de9886
47,D3,a77079280ad3fc8503fcff808b0c238440c0433e,d9a1281e08c43e0073f4dabf791112b3f33e59aa,438,https://github.com/d3/d3/issues/438,https://github.com/d3/d3/tree/a77079280ad3fc8503fcff808b0c238440c0433e,https://github.com/d3/d3/tree/d9a1281e08c43e0073f4dabf791112b3f33e59aa,https://github.com/d3/d3/compare/a77079280ad3fc8503fcff808b0c238440c0433e...d9a1281e08c43e0073f4dabf791112b3f33e59aa
48,D3,5afb9a955347175b9a16c4607e42eb44663dc7db,8f5ede349e554954ccc45e0dd743229ed2aabbe6,816,https://github.com/d3/d3/issues/816,https://github.com/d3/d3/tree/5afb9a955347175b9a16c4607e42eb44663dc7db,https://github.com/d3/d3/tree/8f5ede349e554954ccc45e0dd743229ed2aabbe6,https://github.com/d3/d3/compare/5afb9a955347175b9a16c4607e42eb44663dc7db...8f5ede349e554954ccc45e0dd743229ed2aabbe6
49,D3,ed987d06b6306ebedf0f3b5fb6db7401cca1f767,2cbeb7582235e955d3e89361c1f87065b1899c84,1112,https://github.com/d3/d3/issues/1112,https://github.com/d3/d3/tree/ed987d06b6306ebedf0f3b5fb6db7401cca1f767,https://github.com/d3/d3/tree/2cbeb7582235e955d3e89361c1f87065b1899c84,https://github.com/d3/d3/compare/ed987d06b6306ebedf0f3b5fb6db7401cca1f767...2cbeb7582235e955d3e89361c1f87065b1899c84
50,D3,91d35b4205d4ef150c61c415b7379404bced7267,f598ed5bcd829590a1b619b2a56b87d43c792a96,1160,https://github.com/d3/d3/issues/1160,https://github.com/d3/d3/tree/91d35b4205d4ef150c61c415b7379404bced7267,https://github.com/d3/d3/tree/f598ed5bcd829590a1b619b2a56b87d43c792a96,https://github.com/d3/d3/compare/91d35b4205d4ef150c61c415b7379404bced7267...f598ed5bcd829590a1b619b2a56b87d43c792a96
51,D3,7b37e7d406f1c3ffd08a25dfc3e56ff2bd0c4a6b,d287b63511390dc403071b9b8dc8a29fa1e95d21,895,https://github.com/d3/d3/issues/895,https://github.com/d3/d3/tree/7b37e7d406f1c3ffd08a25dfc3e56ff2bd0c4a6b,https://github.com/d3/d3/tree/d287b63511390dc403071b9b8dc8a29fa1e95d21,https://github.com/d3/d3/compare/7b37e7d406f1c3ffd08a25dfc3e56ff2bd0c4a6b...d287b63511390dc403071b9b8dc8a29fa1e95d21
52,D3,183060d40ffce8a8bd233feeedd80f84d4707642,2a0e2a12667b85279cfeaa653cc376136a5202e0,881,https://github.com/d3/d3/issues/881,https://github.com/d3/d3/tree/183060d40ffce8a8bd233feeedd80f84d4707642,https://github.com/d3/d3/tree/2a0e2a12667b85279cfeaa653cc376136a5202e0,https://github.com/d3/d3/compare/183060d40ffce8a8bd233feeedd80f84d4707642...2a0e2a12667b85279cfeaa653cc376136a5202e0
53,D3,6b04c1f76fdebf0370a4ac5b8d4a5a7b3614ff36,d93f45ee82b2274cfbdcdfae81ef4e423e6053b8,1127,https://github.com/d3/d3/issues/1127,https://github.com/d3/d3/tree/6b04c1f76fdebf0370a4ac5b8d4a5a7b3614ff36,https://github.com/d3/d3/tree/d93f45ee82b2274cfbdcdfae81ef4e423e6053b8,https://github.com/d3/d3/compare/6b04c1f76fdebf0370a4ac5b8d4a5a7b3614ff36...d93f45ee82b2274cfbdcdfae81ef4e423e6053b8
54,D3,d8c14b9c2a0c147a66e041966c21caea9ce8c06e,b96e4e3363257bc319dd3793486a625bd0ad2c23,1219,https://github.com/d3/d3/issues/1219,https://github.com/d3/d3/tree/d8c14b9c2a0c147a66e041966c21caea9ce8c06e,https://github.com/d3/d3/tree/b96e4e3363257bc319dd3793486a625bd0ad2c23,https://github.com/d3/d3/compare/d8c14b9c2a0c147a66e041966c21caea9ce8c06e...b96e4e3363257bc319dd3793486a625bd0ad2c23
55,D3,4648db5bdd809a13d3600330a152c381b5b659e9,889aacc43d076382d11316e65646a316161265e3,1080,https://github.com/d3/d3/issues/1080,https://github.com/d3/d3/tree/4648db5bdd809a13d3600330a152c381b5b659e9,https://github.com/d3/d3/tree/889aacc43d076382d11316e65646a316161265e3,https://github.com/d3/d3/compare/4648db5bdd809a13d3600330a152c381b5b659e9...889aacc43d076382d11316e65646a316161265e3
56,D3,b96e4e3363257bc319dd3793486a625bd0ad2c23,9120507d4783313dbb62f77c2f7c9fe10f0cfeb1,1220,https://github.com/d3/d3/issues/1220,https://github.com/d3/d3/tree/b96e4e3363257bc319dd3793486a625bd0ad2c23,https://github.com/d3/d3/tree/9120507d4783313dbb62f77c2f7c9fe10f0cfeb1,https://github.com/d3/d3/compare/b96e4e3363257bc319dd3793486a625bd0ad2c23...9120507d4783313dbb62f77c2f7c9fe10f0cfeb1
57,D3,b96e4e3363257bc319dd3793486a625bd0ad2c23,9120507d4783313dbb62f77c2f7c9fe10f0cfeb1,1218,https://github.com/d3/d3/issues/1218,https://github.com/d3/d3/tree/b96e4e3363257bc319dd3793486a625bd0ad2c23,https://github.com/d3/d3/tree/9120507d4783313dbb62f77c2f7c9fe10f0cfeb1,https://github.com/d3/d3/compare/b96e4e3363257bc319dd3793486a625bd0ad2c23...9120507d4783313dbb62f77c2f7c9fe10f0cfeb1
58,D3,8b29fd10d0fa332318b2405e002ae6e3d41568a1,f76f56445179acd4a0415a83da4fee4de0afff0e,993,https://github.com/d3/d3/issues/993,https://github.com/d3/d3/tree/8b29fd10d0fa332318b2405e002ae6e3d41568a1,https://github.com/d3/d3/tree/f76f56445179acd4a0415a83da4fee4de0afff0e,https://github.com/d3/d3/compare/8b29fd10d0fa332318b2405e002ae6e3d41568a1...f76f56445179acd4a0415a83da4fee4de0afff0e
59,D3,18105839c59c24cf52caaad58ec304b0a9cc0df0,359546c80c2a07edd8b526b2956091eb35119767,1180,https://github.com/d3/d3/issues/1180,https://github.com/d3/d3/tree/18105839c59c24cf52caaad58ec304b0a9cc0df0,https://github.com/d3/d3/tree/359546c80c2a07edd8b526b2956091eb35119767,https://github.com/d3/d3/compare/18105839c59c24cf52caaad58ec304b0a9cc0df0...359546c80c2a07edd8b526b2956091eb35119767
60,D3,18105839c59c24cf52caaad58ec304b0a9cc0df0,359546c80c2a07edd8b526b2956091eb35119767,1179,https://github.com/d3/d3/issues/1179,https://github.com/d3/d3/tree/18105839c59c24cf52caaad58ec304b0a9cc0df0,https://github.com/d3/d3/tree/359546c80c2a07edd8b526b2956091eb35119767,https://github.com/d3/d3/compare/18105839c59c24cf52caaad58ec304b0a9cc0df0...359546c80c2a07edd8b526b2956091eb35119767
61,D3,18105839c59c24cf52caaad58ec304b0a9cc0df0,359546c80c2a07edd8b526b2956091eb35119767,1176,https://github.com/d3/d3/issues/1176,https://github.com/d3/d3/tree/18105839c59c24cf52caaad58ec304b0a9cc0df0,https://github.com/d3/d3/tree/359546c80c2a07edd8b526b2956091eb35119767,https://github.com/d3/d3/compare/18105839c59c24cf52caaad58ec304b0a9cc0df0...359546c80c2a07edd8b526b2956091eb35119767
62,D3,e15ac86caa3fa88d82cc6460ea88e42529447e08,3847172c6f1199acfb94715064eaf027298c4958,1196,https://github.com/d3/d3/issues/1196,https://github.com/d3/d3/tree/e15ac86caa3fa88d82cc6460ea88e42529447e08,https://github.com/d3/d3/tree/3847172c6f1199acfb94715064eaf027298c4958,https://github.com/d3/d3/compare/e15ac86caa3fa88d82cc6460ea88e42529447e08...3847172c6f1199acfb94715064eaf027298c4958
63,D3,e15ac86caa3fa88d82cc6460ea88e42529447e08,14b17b3329aadd116383b2b920743d7fb20fed62,1154,https://github.com/d3/d3/issues/1154,https://github.com/d3/d3/tree/e15ac86caa3fa88d82cc6460ea88e42529447e08,https://github.com/d3/d3/tree/14b17b3329aadd116383b2b920743d7fb20fed62,https://github.com/d3/d3/compare/e15ac86caa3fa88d82cc6460ea88e42529447e08...14b17b3329aadd116383b2b920743d7fb20fed62
64,D3,e15ac86caa3fa88d82cc6460ea88e42529447e08,8dce4f0b88506d8bad305975591596ca2ad6df62,1254,https://github.com/d3/d3/issues/1254,https://github.com/d3/d3/tree/e15ac86caa3fa88d82cc6460ea88e42529447e08,https://github.com/d3/d3/tree/8dce4f0b88506d8bad305975591596ca2ad6df62,https://github.com/d3/d3/compare/e15ac86caa3fa88d82cc6460ea88e42529447e08...8dce4f0b88506d8bad305975591596ca2ad6df62
65,D3,e15ac86caa3fa88d82cc6460ea88e42529447e08,735af6ea53176f7639ef2caaabd5c36d8438ed11,1198,https://github.com/d3/d3/issues/1198,https://github.com/d3/d3/tree/e15ac86caa3fa88d82cc6460ea88e42529447e08,https://github.com/d3/d3/tree/735af6ea53176f7639ef2caaabd5c36d8438ed11,https://github.com/d3/d3/compare/e15ac86caa3fa88d82cc6460ea88e42529447e08...735af6ea53176f7639ef2caaabd5c36d8438ed11
66,D3,e15ac86caa3fa88d82cc6460ea88e42529447e08,77aedd59a9da69f3f32720c73909102be50ca369,1162,https://github.com/d3/d3/issues/1162,https://github.com/d3/d3/tree/e15ac86caa3fa88d82cc6460ea88e42529447e08,https://github.com/d3/d3/tree/77aedd59a9da69f3f32720c73909102be50ca369,https://github.com/d3/d3/compare/e15ac86caa3fa88d82cc6460ea88e42529447e08...77aedd59a9da69f3f32720c73909102be50ca369
67,D3,eb384180d0e25278e20cfe35d574cc376dfdaf62,2e1b96a8e21f5b9bdaa221c80066f5b9d2c79817,1245,https://github.com/d3/d3/issues/1245,https://github.com/d3/d3/tree/eb384180d0e25278e20cfe35d574cc376dfdaf62,https://github.com/d3/d3/tree/2e1b96a8e21f5b9bdaa221c80066f5b9d2c79817,https://github.com/d3/d3/compare/eb384180d0e25278e20cfe35d574cc376dfdaf62...2e1b96a8e21f5b9bdaa221c80066f5b9d2c79817
68,D3,e15ac86caa3fa88d82cc6460ea88e42529447e08,8a964987d336730d610c183677199cd46cd26af9,1039,https://github.com/d3/d3/issues/1039,https://github.com/d3/d3/tree/e15ac86caa3fa88d82cc6460ea88e42529447e08,https://github.com/d3/d3/tree/8a964987d336730d610c183677199cd46cd26af9,https://github.com/d3/d3/compare/e15ac86caa3fa88d82cc6460ea88e42529447e08...8a964987d336730d610c183677199cd46cd26af9
69,D3,0c7d1864f28a3cc5305cd629730ed051c3418670,e1beaab051c441c2a5ca8649e2e4f119c8126ae9,1154,https://github.com/d3/d3/issues/1154,https://github.com/d3/d3/tree/0c7d1864f28a3cc5305cd629730ed051c3418670,https://github.com/d3/d3/tree/e1beaab051c441c2a5ca8649e2e4f119c8126ae9,https://github.com/d3/d3/compare/0c7d1864f28a3cc5305cd629730ed051c3418670...e1beaab051c441c2a5ca8649e2e4f119c8126ae9
70,D3,eb384180d0e25278e20cfe35d574cc376dfdaf62,64f300141d257494b9fdb37ae8edcf2debb8c7ba,1263,https://github.com/d3/d3/issues/1263,https://github.com/d3/d3/tree/eb384180d0e25278e20cfe35d574cc376dfdaf62,https://github.com/d3/d3/tree/64f300141d257494b9fdb37ae8edcf2debb8c7ba,https://github.com/d3/d3/compare/eb384180d0e25278e20cfe35d574cc376dfdaf62...64f300141d257494b9fdb37ae8edcf2debb8c7ba
71,D3,81a0a521af6e22058090d4fc1cd6db9700dd8530,590d8030a0056cea6941046f5c629049bb44921d,1075,https://github.com/d3/d3/issues/1075,https://github.com/d3/d3/tree/81a0a521af6e22058090d4fc1cd6db9700dd8530,https://github.com/d3/d3/tree/590d8030a0056cea6941046f5c629049bb44921d,https://github.com/d3/d3/compare/81a0a521af6e22058090d4fc1cd6db9700dd8530...590d8030a0056cea6941046f5c629049bb44921d
72,D3,be2c8e74815c7926ffe9642c6a16abc2832e547a,f86be427817061f8663bbd433dca85238ca0446f,1300,https://github.com/d3/d3/issues/1300,https://github.com/d3/d3/tree/be2c8e74815c7926ffe9642c6a16abc2832e547a,https://github.com/d3/d3/tree/f86be427817061f8663bbd433dca85238ca0446f,https://github.com/d3/d3/compare/be2c8e74815c7926ffe9642c6a16abc2832e547a...f86be427817061f8663bbd433dca85238ca0446f
73,D3,c26475a205c1809194fd7d91cbe69d17b9a43dba,deb6c3e2f370ddd04a4374a3d0de3a7dfcc61c92,1164,https://github.com/d3/d3/issues/1164,https://github.com/d3/d3/tree/c26475a205c1809194fd7d91cbe69d17b9a43dba,https://github.com/d3/d3/tree/deb6c3e2f370ddd04a4374a3d0de3a7dfcc61c92,https://github.com/d3/d3/compare/c26475a205c1809194fd7d91cbe69d17b9a43dba...deb6c3e2f370ddd04a4374a3d0de3a7dfcc61c92
74,D3,18105839c59c24cf52caaad58ec304b0a9cc0df0,636c3dbb6a66fc48d387a56f756e67ca5d81a2b7,1005,https://github.com/d3/d3/issues/1005,https://github.com/d3/d3/tree/18105839c59c24cf52caaad58ec304b0a9cc0df0,https://github.com/d3/d3/tree/636c3dbb6a66fc48d387a56f756e67ca5d81a2b7,https://github.com/d3/d3/compare/18105839c59c24cf52caaad58ec304b0a9cc0df0...636c3dbb6a66fc48d387a56f756e67ca5d81a2b7
75,D3,747c523e0204b02d794e75b92dae5c58b3e639e9,14307a00ee781896ab5e0f99306957aa55e1202e,1363,https://github.com/d3/d3/issues/1363,https://github.com/d3/d3/tree/747c523e0204b02d794e75b92dae5c58b3e639e9,https://github.com/d3/d3/tree/14307a00ee781896ab5e0f99306957aa55e1202e,https://github.com/d3/d3/compare/747c523e0204b02d794e75b92dae5c58b3e639e9...14307a00ee781896ab5e0f99306957aa55e1202e
76,D3,673c630ee01d1709322d75c94c3b37ec6cc20b03,5596e4fbc3dd02a32344ecfec3fbd2b6aa7eb226,443,https://github.com/d3/d3/issues/443,https://github.com/d3/d3/tree/673c630ee01d1709322d75c94c3b37ec6cc20b03,https://github.com/d3/d3/tree/5596e4fbc3dd02a32344ecfec3fbd2b6aa7eb226,https://github.com/d3/d3/compare/673c630ee01d1709322d75c94c3b37ec6cc20b03...5596e4fbc3dd02a32344ecfec3fbd2b6aa7eb226
77,D3,747c523e0204b02d794e75b92dae5c58b3e639e9,b745b32525c01263a1aebc89e0000d07c06f3c24,1367,https://github.com/d3/d3/issues/1367,https://github.com/d3/d3/tree/747c523e0204b02d794e75b92dae5c58b3e639e9,https://github.com/d3/d3/tree/b745b32525c01263a1aebc89e0000d07c06f3c24,https://github.com/d3/d3/compare/747c523e0204b02d794e75b92dae5c58b3e639e9...b745b32525c01263a1aebc89e0000d07c06f3c24
78,D3,95bc9f412b445010dbe9df048eda7c025d662fd1,940d38d3aeb70d38e36359c27ec3ebd64a4a4288,1407,https://github.com/d3/d3/issues/1407,https://github.com/d3/d3/tree/95bc9f412b445010dbe9df048eda7c025d662fd1,https://github.com/d3/d3/tree/940d38d3aeb70d38e36359c27ec3ebd64a4a4288,https://github.com/d3/d3/compare/95bc9f412b445010dbe9df048eda7c025d662fd1...940d38d3aeb70d38e36359c27ec3ebd64a4a4288
79,D3,c247e1626118de41b3d40e2a711354f76e004343,9192c11ba967ceee105cc6ff3cd1596ca6864fc4,1431,https://github.com/d3/d3/issues/1431,https://github.com/d3/d3/tree/c247e1626118de41b3d40e2a711354f76e004343,https://github.com/d3/d3/tree/9192c11ba967ceee105cc6ff3cd1596ca6864fc4,https://github.com/d3/d3/compare/c247e1626118de41b3d40e2a711354f76e004343...9192c11ba967ceee105cc6ff3cd1596ca6864fc4
80,D3,762f984dfb36f9a272eb9b7be24bfb252d88099e,cc4a1d0f8b928bfc0fc995f9a99479fc26eb056b,1475,https://github.com/d3/d3/issues/1475,https://github.com/d3/d3/tree/762f984dfb36f9a272eb9b7be24bfb252d88099e,https://github.com/d3/d3/tree/cc4a1d0f8b928bfc0fc995f9a99479fc26eb056b,https://github.com/d3/d3/compare/762f984dfb36f9a272eb9b7be24bfb252d88099e...cc4a1d0f8b928bfc0fc995f9a99479fc26eb056b
81,D3,95bc9f412b445010dbe9df048eda7c025d662fd1,be2bee767a21e4f4c84f34662fea5521e26e2a01,1402,https://github.com/d3/d3/issues/1402,https://github.com/d3/d3/tree/95bc9f412b445010dbe9df048eda7c025d662fd1,https://github.com/d3/d3/tree/be2bee767a21e4f4c84f34662fea5521e26e2a01,https://github.com/d3/d3/compare/95bc9f412b445010dbe9df048eda7c025d662fd1...be2bee767a21e4f4c84f34662fea5521e26e2a01
82,D3,354f54dd32e306d817b0096d771269d17aaf991b,fc5a5864148fa995969aaf8347e48b82e4b3de5e,1491,https://github.com/d3/d3/issues/1491,https://github.com/d3/d3/tree/354f54dd32e306d817b0096d771269d17aaf991b,https://github.com/d3/d3/tree/fc5a5864148fa995969aaf8347e48b82e4b3de5e,https://github.com/d3/d3/compare/354f54dd32e306d817b0096d771269d17aaf991b...fc5a5864148fa995969aaf8347e48b82e4b3de5e
83,D3,fc5a5864148fa995969aaf8347e48b82e4b3de5e,4b3795e195133b5144ab944244bbc93a37f92d06,1497,https://github.com/d3/d3/issues/1497,https://github.com/d3/d3/tree/fc5a5864148fa995969aaf8347e48b82e4b3de5e,https://github.com/d3/d3/tree/4b3795e195133b5144ab944244bbc93a37f92d06,https://github.com/d3/d3/compare/fc5a5864148fa995969aaf8347e48b82e4b3de5e...4b3795e195133b5144ab944244bbc93a37f92d06
84,D3,5f8056c1e4f41339c3d4d862545d7e21bf4d0e46,eff0a11615ba84c42fe021939007f6b3c629486c,1521,https://github.com/d3/d3/issues/1521,https://github.com/d3/d3/tree/5f8056c1e4f41339c3d4d862545d7e21bf4d0e46,https://github.com/d3/d3/tree/eff0a11615ba84c42fe021939007f6b3c629486c,https://github.com/d3/d3/compare/5f8056c1e4f41339c3d4d862545d7e21bf4d0e46...eff0a11615ba84c42fe021939007f6b3c629486c
85,D3,5f8056c1e4f41339c3d4d862545d7e21bf4d0e46,eff0a11615ba84c42fe021939007f6b3c629486c,1453,https://github.com/d3/d3/issues/1453,https://github.com/d3/d3/tree/5f8056c1e4f41339c3d4d862545d7e21bf4d0e46,https://github.com/d3/d3/tree/eff0a11615ba84c42fe021939007f6b3c629486c,https://github.com/d3/d3/compare/5f8056c1e4f41339c3d4d862545d7e21bf4d0e46...eff0a11615ba84c42fe021939007f6b3c629486c
86,D3,5f8056c1e4f41339c3d4d862545d7e21bf4d0e46,90d06cf08d18c46b0e1f0f51222d43888f6049e8,1525,https://github.com/d3/d3/issues/1525,https://github.com/d3/d3/tree/5f8056c1e4f41339c3d4d862545d7e21bf4d0e46,https://github.com/d3/d3/tree/90d06cf08d18c46b0e1f0f51222d43888f6049e8,https://github.com/d3/d3/compare/5f8056c1e4f41339c3d4d862545d7e21bf4d0e46...90d06cf08d18c46b0e1f0f51222d43888f6049e8
87,D3,f59fc64a20d57fe08be9fb6e53ab0022f6f6c732,8f4d0ac3ac35eec7e2edca78a940466caf642c31,1483,https://github.com/d3/d3/issues/1483,https://github.com/d3/d3/tree/f59fc64a20d57fe08be9fb6e53ab0022f6f6c732,https://github.com/d3/d3/tree/8f4d0ac3ac35eec7e2edca78a940466caf642c31,https://github.com/d3/d3/compare/f59fc64a20d57fe08be9fb6e53ab0022f6f6c732...8f4d0ac3ac35eec7e2edca78a940466caf642c31
88,D3,7bb322f645de4766b3ea8acc6f65470330a9d035,b89c2d979bfdd543cce69698f3d588db1791af2c,1453,https://github.com/d3/d3/issues/1453,https://github.com/d3/d3/tree/7bb322f645de4766b3ea8acc6f65470330a9d035,https://github.com/d3/d3/tree/b89c2d979bfdd543cce69698f3d588db1791af2c,https://github.com/d3/d3/compare/7bb322f645de4766b3ea8acc6f65470330a9d035...b89c2d979bfdd543cce69698f3d588db1791af2c
89,D3,9ca071eee7db9720b41f860c626c11351462f488,113032bc977ec1d196280597b060e17083bda90d,1536,https://github.com/d3/d3/issues/1536,https://github.com/d3/d3/tree/9ca071eee7db9720b41f860c626c11351462f488,https://github.com/d3/d3/tree/113032bc977ec1d196280597b060e17083bda90d,https://github.com/d3/d3/compare/9ca071eee7db9720b41f860c626c11351462f488...113032bc977ec1d196280597b060e17083bda90d
90,D3,9ca071eee7db9720b41f860c626c11351462f488,113032bc977ec1d196280597b060e17083bda90d,1535,https://github.com/d3/d3/issues/1535,https://github.com/d3/d3/tree/9ca071eee7db9720b41f860c626c11351462f488,https://github.com/d3/d3/tree/113032bc977ec1d196280597b060e17083bda90d,https://github.com/d3/d3/compare/9ca071eee7db9720b41f860c626c11351462f488...113032bc977ec1d196280597b060e17083bda90d
91,D3,7bb322f645de4766b3ea8acc6f65470330a9d035,31ea7dc0f1ff553c446d91591826ec2731fadff1,1453,https://github.com/d3/d3/issues/1453,https://github.com/d3/d3/tree/7bb322f645de4766b3ea8acc6f65470330a9d035,https://github.com/d3/d3/tree/31ea7dc0f1ff553c446d91591826ec2731fadff1,https://github.com/d3/d3/compare/7bb322f645de4766b3ea8acc6f65470330a9d035...31ea7dc0f1ff553c446d91591826ec2731fadff1
92,D3,9eb878ec7d3e4e2044b29ccba325821a3d70f495,d2ad436fed9f2238b27f7978ef72efed76f12ed1,1550,https://github.com/d3/d3/issues/1550,https://github.com/d3/d3/tree/9eb878ec7d3e4e2044b29ccba325821a3d70f495,https://github.com/d3/d3/tree/d2ad436fed9f2238b27f7978ef72efed76f12ed1,https://github.com/d3/d3/compare/9eb878ec7d3e4e2044b29ccba325821a3d70f495...d2ad436fed9f2238b27f7978ef72efed76f12ed1
93,D3,788855b4a4141fab9554513976dcc50004c76489,53cd4d46b43b0190310f2b8c9e9625eafebb91ef,1099,https://github.com/d3/d3/issues/1099,https://github.com/d3/d3/tree/788855b4a4141fab9554513976dcc50004c76489,https://github.com/d3/d3/tree/53cd4d46b43b0190310f2b8c9e9625eafebb91ef,https://github.com/d3/d3/compare/788855b4a4141fab9554513976dcc50004c76489...53cd4d46b43b0190310f2b8c9e9625eafebb91ef
94,D3,dddef328ed7ef566ac7a6ed5f6f75d78289b603e,0015231c076457e1c3dfb3927adc8f1af8b25e04,1420,https://github.com/d3/d3/issues/1420,https://github.com/d3/d3/tree/dddef328ed7ef566ac7a6ed5f6f75d78289b603e,https://github.com/d3/d3/tree/0015231c076457e1c3dfb3927adc8f1af8b25e04,https://github.com/d3/d3/compare/dddef328ed7ef566ac7a6ed5f6f75d78289b603e...0015231c076457e1c3dfb3927adc8f1af8b25e04
95,D3,23ee2c08a66bebca5373a2c034fd8f7858409645,bd0ce6cab8a2b0d2aaffc7ce21a873fc514eb8ed,1115,https://github.com/d3/d3/issues/1115,https://github.com/d3/d3/tree/23ee2c08a66bebca5373a2c034fd8f7858409645,https://github.com/d3/d3/tree/bd0ce6cab8a2b0d2aaffc7ce21a873fc514eb8ed,https://github.com/d3/d3/compare/23ee2c08a66bebca5373a2c034fd8f7858409645...bd0ce6cab8a2b0d2aaffc7ce21a873fc514eb8ed
96,D3,2c93d9c1924461708876781cdc96f139b205c33d,0136ff9a39cb2f47532f4abf2999980d0d04309e,1566,https://github.com/d3/d3/issues/1566,https://github.com/d3/d3/tree/2c93d9c1924461708876781cdc96f139b205c33d,https://github.com/d3/d3/tree/0136ff9a39cb2f47532f4abf2999980d0d04309e,https://github.com/d3/d3/compare/2c93d9c1924461708876781cdc96f139b205c33d...0136ff9a39cb2f47532f4abf2999980d0d04309e
97,D3,4b36e850dc46853b5b2fd40b2752c5a164e0ceb5,6fd46253a3cd7689611f8053b23535fcf3f23bc4,1578,https://github.com/d3/d3/issues/1578,https://github.com/d3/d3/tree/4b36e850dc46853b5b2fd40b2752c5a164e0ceb5,https://github.com/d3/d3/tree/6fd46253a3cd7689611f8053b23535fcf3f23bc4,https://github.com/d3/d3/compare/4b36e850dc46853b5b2fd40b2752c5a164e0ceb5...6fd46253a3cd7689611f8053b23535fcf3f23bc4
98,D3,bfcdc045a53fb5f184236c7e3b687b62327beea8,2a7d873b3fadc4c808b2724db9b0663aa476583b,1581,https://github.com/d3/d3/issues/1581,https://github.com/d3/d3/tree/bfcdc045a53fb5f184236c7e3b687b62327beea8,https://github.com/d3/d3/tree/2a7d873b3fadc4c808b2724db9b0663aa476583b,https://github.com/d3/d3/compare/bfcdc045a53fb5f184236c7e3b687b62327beea8...2a7d873b3fadc4c808b2724db9b0663aa476583b
99,D3,2c93d9c1924461708876781cdc96f139b205c33d,b641eb58b387a1e9804ba6ff35ae70ab494c2b09,1533,https://github.com/d3/d3/issues/1533,https://github.com/d3/d3/tree/2c93d9c1924461708876781cdc96f139b205c33d,https://github.com/d3/d3/tree/b641eb58b387a1e9804ba6ff35ae70ab494c2b09,https://github.com/d3/d3/compare/2c93d9c1924461708876781cdc96f139b205c33d...b641eb58b387a1e9804ba6ff35ae70ab494c2b09
100,D3,bfcdc045a53fb5f184236c7e3b687b62327beea8,4b36e850dc46853b5b2fd40b2752c5a164e0ceb5,1578,https://github.com/d3/d3/issues/1578,https://github.com/d3/d3/tree/bfcdc045a53fb5f184236c7e3b687b62327beea8,https://github.com/d3/d3/tree/4b36e850dc46853b5b2fd40b2752c5a164e0ceb5,https://github.com/d3/d3/compare/bfcdc045a53fb5f184236c7e3b687b62327beea8...4b36e850dc46853b5b2fd40b2752c5a164e0ceb5
101,D3,f46d8d2422e210d35e2bc416db6e035dc3be1699,0a12e31fe2b95920e2bde82ea92c9fc8ee3fbbe9,1664,https://github.com/d3/d3/issues/1664,https://github.com/d3/d3/tree/f46d8d2422e210d35e2bc416db6e035dc3be1699,https://github.com/d3/d3/tree/0a12e31fe2b95920e2bde82ea92c9fc8ee3fbbe9,https://github.com/d3/d3/compare/f46d8d2422e210d35e2bc416db6e035dc3be1699...0a12e31fe2b95920e2bde82ea92c9fc8ee3fbbe9
102,D3,70a16b58b0b567688843b801a9b352273c7d8ead,32e73ca18ad01d9d6e92930a478f5e254f5d23b9,1635,https://github.com/d3/d3/issues/1635,https://github.com/d3/d3/tree/70a16b58b0b567688843b801a9b352273c7d8ead,https://github.com/d3/d3/tree/32e73ca18ad01d9d6e92930a478f5e254f5d23b9,https://github.com/d3/d3/compare/70a16b58b0b567688843b801a9b352273c7d8ead...32e73ca18ad01d9d6e92930a478f5e254f5d23b9
103,D3,947c609050dcc7e16198e832d5ba6db7349a6fa2,ee23f941412cd45410dabb023bd6c113a6f8bb2e,1786,https://github.com/d3/d3/issues/1786,https://github.com/d3/d3/tree/947c609050dcc7e16198e832d5ba6db7349a6fa2,https://github.com/d3/d3/tree/ee23f941412cd45410dabb023bd6c113a6f8bb2e,https://github.com/d3/d3/compare/947c609050dcc7e16198e832d5ba6db7349a6fa2...ee23f941412cd45410dabb023bd6c113a6f8bb2e
104,D3,525cbbfee88d5203abb7b19592046431079c3d81,65ec4c7e326936a1df2d5f731c9563da75a709d4,1260,https://github.com/d3/d3/issues/1260,https://github.com/d3/d3/tree/525cbbfee88d5203abb7b19592046431079c3d81,https://github.com/d3/d3/tree/65ec4c7e326936a1df2d5f731c9563da75a709d4,https://github.com/d3/d3/compare/525cbbfee88d5203abb7b19592046431079c3d81...65ec4c7e326936a1df2d5f731c9563da75a709d4
105,D3,2b148070553c9493cae01d4960d283ec5bdf957f,defe5bc848f88b7497766061210d34f359456b87,1802,https://github.com/d3/d3/issues/1802,https://github.com/d3/d3/tree/2b148070553c9493cae01d4960d283ec5bdf957f,https://github.com/d3/d3/tree/defe5bc848f88b7497766061210d34f359456b87,https://github.com/d3/d3/compare/2b148070553c9493cae01d4960d283ec5bdf957f...defe5bc848f88b7497766061210d34f359456b87
106,D3,bfcdc045a53fb5f184236c7e3b687b62327beea8,7b4a772f49caa04aa4f68c4dfa8242065b19a673,1579,https://github.com/d3/d3/issues/1579,https://github.com/d3/d3/tree/bfcdc045a53fb5f184236c7e3b687b62327beea8,https://github.com/d3/d3/tree/7b4a772f49caa04aa4f68c4dfa8242065b19a673,https://github.com/d3/d3/compare/bfcdc045a53fb5f184236c7e3b687b62327beea8...7b4a772f49caa04aa4f68c4dfa8242065b19a673
107,D3,65ec4c7e326936a1df2d5f731c9563da75a709d4,47be4003e3b9038a784d1ca0a7fcf5c905065fba,1157,https://github.com/d3/d3/issues/1157,https://github.com/d3/d3/tree/65ec4c7e326936a1df2d5f731c9563da75a709d4,https://github.com/d3/d3/tree/47be4003e3b9038a784d1ca0a7fcf5c905065fba,https://github.com/d3/d3/compare/65ec4c7e326936a1df2d5f731c9563da75a709d4...47be4003e3b9038a784d1ca0a7fcf5c905065fba
108,D3,ee23f941412cd45410dabb023bd6c113a6f8bb2e,387249155f757a0aff7a57a1a3a4a608dbe7e5ac,1786,https://github.com/d3/d3/issues/1786,https://github.com/d3/d3/tree/ee23f941412cd45410dabb023bd6c113a6f8bb2e,https://github.com/d3/d3/tree/387249155f757a0aff7a57a1a3a4a608dbe7e5ac,https://github.com/d3/d3/compare/ee23f941412cd45410dabb023bd6c113a6f8bb2e...387249155f757a0aff7a57a1a3a4a608dbe7e5ac
109,D3,387249155f757a0aff7a57a1a3a4a608dbe7e5ac,467f1490c9da046b64f2069641e021c522b27190,1600,https://github.com/d3/d3/issues/1600,https://github.com/d3/d3/tree/387249155f757a0aff7a57a1a3a4a608dbe7e5ac,https://github.com/d3/d3/tree/467f1490c9da046b64f2069641e021c522b27190,https://github.com/d3/d3/compare/387249155f757a0aff7a57a1a3a4a608dbe7e5ac...467f1490c9da046b64f2069641e021c522b27190
110,D3,28538c40d209b8db8cbd4abbbf5c323aa362ccf4,b86e4e4ae146bf807c966785ac86f6b967359ca2,1773,https://github.com/d3/d3/issues/1773,https://github.com/d3/d3/tree/28538c40d209b8db8cbd4abbbf5c323aa362ccf4,https://github.com/d3/d3/tree/b86e4e4ae146bf807c966785ac86f6b967359ca2,https://github.com/d3/d3/compare/28538c40d209b8db8cbd4abbbf5c323aa362ccf4...b86e4e4ae146bf807c966785ac86f6b967359ca2
111,D3,db8d30584d970ef5a0a9b3f57ea4462816e80872,54ca304673db6cf1c8701cea451aa1d2537ebdb0,1625,https://github.com/d3/d3/issues/1625,https://github.com/d3/d3/tree/db8d30584d970ef5a0a9b3f57ea4462816e80872,https://github.com/d3/d3/tree/54ca304673db6cf1c8701cea451aa1d2537ebdb0,https://github.com/d3/d3/compare/db8d30584d970ef5a0a9b3f57ea4462816e80872...54ca304673db6cf1c8701cea451aa1d2537ebdb0
112,D3,a10b22654c9275da1050e1513bbd834646c0bde3,61e469388a9869a79ec4571787e295049e930486,2013,https://github.com/d3/d3/issues/2013,https://github.com/d3/d3/tree/a10b22654c9275da1050e1513bbd834646c0bde3,https://github.com/d3/d3/tree/61e469388a9869a79ec4571787e295049e930486,https://github.com/d3/d3/compare/a10b22654c9275da1050e1513bbd834646c0bde3...61e469388a9869a79ec4571787e295049e930486
113,D3,b86e4e4ae146bf807c966785ac86f6b967359ca2,abbe1c75c16c3e9cb08b1d0872f4a19890d3bb58,1748,https://github.com/d3/d3/issues/1748,https://github.com/d3/d3/tree/b86e4e4ae146bf807c966785ac86f6b967359ca2,https://github.com/d3/d3/tree/abbe1c75c16c3e9cb08b1d0872f4a19890d3bb58,https://github.com/d3/d3/compare/b86e4e4ae146bf807c966785ac86f6b967359ca2...abbe1c75c16c3e9cb08b1d0872f4a19890d3bb58
114,D3,db8d30584d970ef5a0a9b3f57ea4462816e80872,086b5fc57845105db8adc393c74cbbbce588d30d,1903,https://github.com/d3/d3/issues/1903,https://github.com/d3/d3/tree/db8d30584d970ef5a0a9b3f57ea4462816e80872,https://github.com/d3/d3/tree/086b5fc57845105db8adc393c74cbbbce588d30d,https://github.com/d3/d3/compare/db8d30584d970ef5a0a9b3f57ea4462816e80872...086b5fc57845105db8adc393c74cbbbce588d30d
115,D3,a10b22654c9275da1050e1513bbd834646c0bde3,a35000b74492b1e46bd3db136cebc4a3b7844676,2043,https://github.com/d3/d3/issues/2043,https://github.com/d3/d3/tree/a10b22654c9275da1050e1513bbd834646c0bde3,https://github.com/d3/d3/tree/a35000b74492b1e46bd3db136cebc4a3b7844676,https://github.com/d3/d3/compare/a10b22654c9275da1050e1513bbd834646c0bde3...a35000b74492b1e46bd3db136cebc4a3b7844676
116,D3,f38ed05731e143cebd022024f94ea564210e5f43,d21da02fd20b2833a69e3e76eb9ec87fe8144086,2004,https://github.com/d3/d3/issues/2004,https://github.com/d3/d3/tree/f38ed05731e143cebd022024f94ea564210e5f43,https://github.com/d3/d3/tree/d21da02fd20b2833a69e3e76eb9ec87fe8144086,https://github.com/d3/d3/compare/f38ed05731e143cebd022024f94ea564210e5f43...d21da02fd20b2833a69e3e76eb9ec87fe8144086
117,D3,f38ed05731e143cebd022024f94ea564210e5f43,35e26d58b7b86f97849c0d3d4b67d358e850d851,2010,https://github.com/d3/d3/issues/2010,https://github.com/d3/d3/tree/f38ed05731e143cebd022024f94ea564210e5f43,https://github.com/d3/d3/tree/35e26d58b7b86f97849c0d3d4b67d358e850d851,https://github.com/d3/d3/compare/f38ed05731e143cebd022024f94ea564210e5f43...35e26d58b7b86f97849c0d3d4b67d358e850d851
118,D3,9b953bde43c869d23870a407dec9f6414c9c2cb1,2e56709361c5bfa7ebfd3e3568fb490d55ee2a0e,1968,https://github.com/d3/d3/issues/1968,https://github.com/d3/d3/tree/9b953bde43c869d23870a407dec9f6414c9c2cb1,https://github.com/d3/d3/tree/2e56709361c5bfa7ebfd3e3568fb490d55ee2a0e,https://github.com/d3/d3/compare/9b953bde43c869d23870a407dec9f6414c9c2cb1...2e56709361c5bfa7ebfd3e3568fb490d55ee2a0e
119,D3,a10b22654c9275da1050e1513bbd834646c0bde3,08353a40bc71ad7daccd9f944d6a40f31d22fa25,2040,https://github.com/d3/d3/issues/2040,https://github.com/d3/d3/tree/a10b22654c9275da1050e1513bbd834646c0bde3,https://github.com/d3/d3/tree/08353a40bc71ad7daccd9f944d6a40f31d22fa25,https://github.com/d3/d3/compare/a10b22654c9275da1050e1513bbd834646c0bde3...08353a40bc71ad7daccd9f944d6a40f31d22fa25
120,D3,f38ed05731e143cebd022024f94ea564210e5f43,a4429fa0412578c5361d859a487256f09fbe4386,2039,https://github.com/d3/d3/issues/2039,https://github.com/d3/d3/tree/f38ed05731e143cebd022024f94ea564210e5f43,https://github.com/d3/d3/tree/a4429fa0412578c5361d859a487256f09fbe4386,https://github.com/d3/d3/compare/f38ed05731e143cebd022024f94ea564210e5f43...a4429fa0412578c5361d859a487256f09fbe4386
121,D3,dd1e9165c9c4a7a108d9ec8a0fec81a70c90004e,4e5deb09aaf6e6aa776aa9c045951b955e0b39b9,2069,https://github.com/d3/d3/issues/2069,https://github.com/d3/d3/tree/dd1e9165c9c4a7a108d9ec8a0fec81a70c90004e,https://github.com/d3/d3/tree/4e5deb09aaf6e6aa776aa9c045951b955e0b39b9,https://github.com/d3/d3/compare/dd1e9165c9c4a7a108d9ec8a0fec81a70c90004e...4e5deb09aaf6e6aa776aa9c045951b955e0b39b9
122,D3,4e5deb09aaf6e6aa776aa9c045951b955e0b39b9,d3ed04db686f58bf238b3780197193bc5ae955af,2072,https://github.com/d3/d3/issues/2072,https://github.com/d3/d3/tree/4e5deb09aaf6e6aa776aa9c045951b955e0b39b9,https://github.com/d3/d3/tree/d3ed04db686f58bf238b3780197193bc5ae955af,https://github.com/d3/d3/compare/4e5deb09aaf6e6aa776aa9c045951b955e0b39b9...d3ed04db686f58bf238b3780197193bc5ae955af
123,D3,9364923ee2b35ec2eb80ffc4bdac12a7930097fc,2d48c8a61dd4bdeb2fa4768915b9600c68690fb6,2114,https://github.com/d3/d3/issues/2114,https://github.com/d3/d3/tree/9364923ee2b35ec2eb80ffc4bdac12a7930097fc,https://github.com/d3/d3/tree/2d48c8a61dd4bdeb2fa4768915b9600c68690fb6,https://github.com/d3/d3/compare/9364923ee2b35ec2eb80ffc4bdac12a7930097fc...2d48c8a61dd4bdeb2fa4768915b9600c68690fb6
124,D3,f8514d3a51e71faf9513a32f64e7e1ca7da20796,0a412f620e6ac3a040334947434a29d6ca7ad884,2006,https://github.com/d3/d3/issues/2006,https://github.com/d3/d3/tree/f8514d3a51e71faf9513a32f64e7e1ca7da20796,https://github.com/d3/d3/tree/0a412f620e6ac3a040334947434a29d6ca7ad884,https://github.com/d3/d3/compare/f8514d3a51e71faf9513a32f64e7e1ca7da20796...0a412f620e6ac3a040334947434a29d6ca7ad884
125,D3,4a4c3cea1a50ee24e2be1e5a0fd2d350e38c4735,4e4709ce47d5c9406290dc2a467cef08002fc9b7,2165,https://github.com/d3/d3/issues/2165,https://github.com/d3/d3/tree/4a4c3cea1a50ee24e2be1e5a0fd2d350e38c4735,https://github.com/d3/d3/tree/4e4709ce47d5c9406290dc2a467cef08002fc9b7,https://github.com/d3/d3/compare/4a4c3cea1a50ee24e2be1e5a0fd2d350e38c4735...4e4709ce47d5c9406290dc2a467cef08002fc9b7
126,D3,3abb00113662463e5c19eb87cd33f6d0ddc23bc0,7ce88c1f522f889f061acb637b9ff45fbaa452fb,2205,https://github.com/d3/d3/issues/2205,https://github.com/d3/d3/tree/3abb00113662463e5c19eb87cd33f6d0ddc23bc0,https://github.com/d3/d3/tree/7ce88c1f522f889f061acb637b9ff45fbaa452fb,https://github.com/d3/d3/compare/3abb00113662463e5c19eb87cd33f6d0ddc23bc0...7ce88c1f522f889f061acb637b9ff45fbaa452fb
127,D3,f38ed05731e143cebd022024f94ea564210e5f43,28c65bb9ba231aeb2694cdd68e7eaec9f8dbd3bb,1972,https://github.com/d3/d3/issues/1972,https://github.com/d3/d3/tree/f38ed05731e143cebd022024f94ea564210e5f43,https://github.com/d3/d3/tree/28c65bb9ba231aeb2694cdd68e7eaec9f8dbd3bb,https://github.com/d3/d3/compare/f38ed05731e143cebd022024f94ea564210e5f43...28c65bb9ba231aeb2694cdd68e7eaec9f8dbd3bb
128,D3,f38ed05731e143cebd022024f94ea564210e5f43,28c65bb9ba231aeb2694cdd68e7eaec9f8dbd3bb,1994,https://github.com/d3/d3/issues/1994,https://github.com/d3/d3/tree/f38ed05731e143cebd022024f94ea564210e5f43,https://github.com/d3/d3/tree/28c65bb9ba231aeb2694cdd68e7eaec9f8dbd3bb,https://github.com/d3/d3/compare/f38ed05731e143cebd022024f94ea564210e5f43...28c65bb9ba231aeb2694cdd68e7eaec9f8dbd3bb
129,D3,35ca58b21a0a42fb85d829a393b7aa82b84254e9,e06d041b1e5b9664fec901b310d1bba07e2ef707,2430,https://github.com/d3/d3/issues/2430,https://github.com/d3/d3/tree/35ca58b21a0a42fb85d829a393b7aa82b84254e9,https://github.com/d3/d3/tree/e06d041b1e5b9664fec901b310d1bba07e2ef707,https://github.com/d3/d3/compare/35ca58b21a0a42fb85d829a393b7aa82b84254e9...e06d041b1e5b9664fec901b310d1bba07e2ef707
130,D3,1fc660a6b69d85fff27b6c552daf4cd3ec4260f3,dd1e9165c9c4a7a108d9ec8a0fec81a70c90004e,2067,https://github.com/d3/d3/issues/2067,https://github.com/d3/d3/tree/1fc660a6b69d85fff27b6c552daf4cd3ec4260f3,https://github.com/d3/d3/tree/dd1e9165c9c4a7a108d9ec8a0fec81a70c90004e,https://github.com/d3/d3/compare/1fc660a6b69d85fff27b6c552daf4cd3ec4260f3...dd1e9165c9c4a7a108d9ec8a0fec81a70c90004e
131,D3,498a491faa3dad9144fac56cbd3fa854f53020c9,2414655c81e6408420a232dd59f8d121abc4757f,2592,https://github.com/d3/d3/issues/2592,https://github.com/d3/d3/tree/498a491faa3dad9144fac56cbd3fa854f53020c9,https://github.com/d3/d3/tree/2414655c81e6408420a232dd59f8d121abc4757f,https://github.com/d3/d3/compare/498a491faa3dad9144fac56cbd3fa854f53020c9...2414655c81e6408420a232dd59f8d121abc4757f
132,D3,3abb00113662463e5c19eb87cd33f6d0ddc23bc0,e06eacdffb43d39bb0b74d1cae6a2e2674330d26,2359,https://github.com/d3/d3/issues/2359,https://github.com/d3/d3/tree/3abb00113662463e5c19eb87cd33f6d0ddc23bc0,https://github.com/d3/d3/tree/e06eacdffb43d39bb0b74d1cae6a2e2674330d26,https://github.com/d3/d3/compare/3abb00113662463e5c19eb87cd33f6d0ddc23bc0...e06eacdffb43d39bb0b74d1cae6a2e2674330d26
133,D3,ca6e944aebcfa59fc4766851f5b5d28f79a8cba6,c9e974504dc2e4c394c37c44b26944b5ca0efeef,2183,https://github.com/d3/d3/issues/2183,https://github.com/d3/d3/tree/ca6e944aebcfa59fc4766851f5b5d28f79a8cba6,https://github.com/d3/d3/tree/c9e974504dc2e4c394c37c44b26944b5ca0efeef,https://github.com/d3/d3/compare/ca6e944aebcfa59fc4766851f5b5d28f79a8cba6...c9e974504dc2e4c394c37c44b26944b5ca0efeef
134,D3,2414655c81e6408420a232dd59f8d121abc4757f,c83c9bd29a258601d61b9a4c1a3d396da930ba36,2541,https://github.com/d3/d3/issues/2541,https://github.com/d3/d3/tree/2414655c81e6408420a232dd59f8d121abc4757f,https://github.com/d3/d3/tree/c83c9bd29a258601d61b9a4c1a3d396da930ba36,https://github.com/d3/d3/compare/2414655c81e6408420a232dd59f8d121abc4757f...c83c9bd29a258601d61b9a4c1a3d396da930ba36
135,D3,6b15dd15e039cd7bab726d3effff675dc840ae78,07a87370c5c734b5337d0a5f5f61c86a9f1d9b57,2595,https://github.com/d3/d3/issues/2595,https://github.com/d3/d3/tree/6b15dd15e039cd7bab726d3effff675dc840ae78,https://github.com/d3/d3/tree/07a87370c5c734b5337d0a5f5f61c86a9f1d9b57,https://github.com/d3/d3/compare/6b15dd15e039cd7bab726d3effff675dc840ae78...07a87370c5c734b5337d0a5f5f61c86a9f1d9b57
136,D3,36fd5340cbc90fcb24c053df8976ed266ee3aae9,d971d1fa3323a24556488a6caa6a7a3d05253a4a,2207,https://github.com/d3/d3/issues/2207,https://github.com/d3/d3/tree/36fd5340cbc90fcb24c053df8976ed266ee3aae9,https://github.com/d3/d3/tree/d971d1fa3323a24556488a6caa6a7a3d05253a4a,https://github.com/d3/d3/compare/36fd5340cbc90fcb24c053df8976ed266ee3aae9...d971d1fa3323a24556488a6caa6a7a3d05253a4a
137,D3,c83c9bd29a258601d61b9a4c1a3d396da930ba36,6b15dd15e039cd7bab726d3effff675dc840ae78,2575,https://github.com/d3/d3/issues/2575,https://github.com/d3/d3/tree/c83c9bd29a258601d61b9a4c1a3d396da930ba36,https://github.com/d3/d3/tree/6b15dd15e039cd7bab726d3effff675dc840ae78,https://github.com/d3/d3/compare/c83c9bd29a258601d61b9a4c1a3d396da930ba36...6b15dd15e039cd7bab726d3effff675dc840ae78
138,D3,d05692b4c7629a05eb178a70cdfa669694ceca4c,e9472ba1da94e5ce19ea17a6f8b5b90950ac97f8,1914,https://github.com/d3/d3/issues/1914,https://github.com/d3/d3/tree/d05692b4c7629a05eb178a70cdfa669694ceca4c,https://github.com/d3/d3/tree/e9472ba1da94e5ce19ea17a6f8b5b90950ac97f8,https://github.com/d3/d3/compare/d05692b4c7629a05eb178a70cdfa669694ceca4c...e9472ba1da94e5ce19ea17a6f8b5b90950ac97f8
139,D3,e9472ba1da94e5ce19ea17a6f8b5b90950ac97f8,7a46a88fba2f83b44db588add1b8edca5b8be30a,2419,https://github.com/d3/d3/issues/2419,https://github.com/d3/d3/tree/e9472ba1da94e5ce19ea17a6f8b5b90950ac97f8,https://github.com/d3/d3/tree/7a46a88fba2f83b44db588add1b8edca5b8be30a,https://github.com/d3/d3/compare/e9472ba1da94e5ce19ea17a6f8b5b90950ac97f8...7a46a88fba2f83b44db588add1b8edca5b8be30a
140,D3,bb52d627cd36a4f479b0f69b0d5f1606cc599b1b,d316211810fd9034d3f0243de0ce1310ba102fb0,2140,https://github.com/d3/d3/issues/2140,https://github.com/d3/d3/tree/bb52d627cd36a4f479b0f69b0d5f1606cc599b1b,https://github.com/d3/d3/tree/d316211810fd9034d3f0243de0ce1310ba102fb0,https://github.com/d3/d3/compare/bb52d627cd36a4f479b0f69b0d5f1606cc599b1b...d316211810fd9034d3f0243de0ce1310ba102fb0
141,D3,bb52d627cd36a4f479b0f69b0d5f1606cc599b1b,d316211810fd9034d3f0243de0ce1310ba102fb0,2141,https://github.com/d3/d3/issues/2141,https://github.com/d3/d3/tree/bb52d627cd36a4f479b0f69b0d5f1606cc599b1b,https://github.com/d3/d3/tree/d316211810fd9034d3f0243de0ce1310ba102fb0,https://github.com/d3/d3/compare/bb52d627cd36a4f479b0f69b0d5f1606cc599b1b...d316211810fd9034d3f0243de0ce1310ba102fb0
142,D3,bb52d627cd36a4f479b0f69b0d5f1606cc599b1b,d316211810fd9034d3f0243de0ce1310ba102fb0,2144,https://github.com/d3/d3/issues/2144,https://github.com/d3/d3/tree/bb52d627cd36a4f479b0f69b0d5f1606cc599b1b,https://github.com/d3/d3/tree/d316211810fd9034d3f0243de0ce1310ba102fb0,https://github.com/d3/d3/compare/bb52d627cd36a4f479b0f69b0d5f1606cc599b1b...d316211810fd9034d3f0243de0ce1310ba102fb0
143,D3,bb52d627cd36a4f479b0f69b0d5f1606cc599b1b,d316211810fd9034d3f0243de0ce1310ba102fb0,2142,https://github.com/d3/d3/issues/2142,https://github.com/d3/d3/tree/bb52d627cd36a4f479b0f69b0d5f1606cc599b1b,https://github.com/d3/d3/tree/d316211810fd9034d3f0243de0ce1310ba102fb0,https://github.com/d3/d3/compare/bb52d627cd36a4f479b0f69b0d5f1606cc599b1b...d316211810fd9034d3f0243de0ce1310ba102fb0
144,D3,45a20644c194a06081517b1d705018955bfa43d5,86890a9a25fa32febed0a6ef225a27f8ad29ddbd,1005,https://github.com/d3/d3/issues/1005,https://github.com/d3/d3/tree/45a20644c194a06081517b1d705018955bfa43d5,https://github.com/d3/d3/tree/86890a9a25fa32febed0a6ef225a27f8ad29ddbd,https://github.com/d3/d3/compare/45a20644c194a06081517b1d705018955bfa43d5...86890a9a25fa32febed0a6ef225a27f8ad29ddbd
145,D3,a54137dd160369a20874868c05c7424ead85ab4d,de33875212f56845bac584d9441048e3c77c5ba9,2468,https://github.com/d3/d3/issues/2468,https://github.com/d3/d3/tree/a54137dd160369a20874868c05c7424ead85ab4d,https://github.com/d3/d3/tree/de33875212f56845bac584d9441048e3c77c5ba9,https://github.com/d3/d3/compare/a54137dd160369a20874868c05c7424ead85ab4d...de33875212f56845bac584d9441048e3c77c5ba9
146,D3,f749f7090878b2c0c2eb7ae1032f1b70d2567607,05fd32dd68b49313502e9501792ef015bfc8c153,2722,https://github.com/d3/d3/issues/2722,https://github.com/d3/d3/tree/f749f7090878b2c0c2eb7ae1032f1b70d2567607,https://github.com/d3/d3/tree/05fd32dd68b49313502e9501792ef015bfc8c153,https://github.com/d3/d3/compare/f749f7090878b2c0c2eb7ae1032f1b70d2567607...05fd32dd68b49313502e9501792ef015bfc8c153
147,D3,b516d77fb8566b576088e73410437494717ada26,394add4eb2d0eb1c9124210b2b83d97c7bf37714,2677,https://github.com/d3/d3/issues/2677,https://github.com/d3/d3/tree/b516d77fb8566b576088e73410437494717ada26,https://github.com/d3/d3/tree/394add4eb2d0eb1c9124210b2b83d97c7bf37714,https://github.com/d3/d3/compare/b516d77fb8566b576088e73410437494717ada26...394add4eb2d0eb1c9124210b2b83d97c7bf37714
148,D3,7a46a88fba2f83b44db588add1b8edca5b8be30a,cf038c0b68c42297f9635025cb86d1f14b81edbd,2061,https://github.com/d3/d3/issues/2061,https://github.com/d3/d3/tree/7a46a88fba2f83b44db588add1b8edca5b8be30a,https://github.com/d3/d3/tree/cf038c0b68c42297f9635025cb86d1f14b81edbd,https://github.com/d3/d3/compare/7a46a88fba2f83b44db588add1b8edca5b8be30a...cf038c0b68c42297f9635025cb86d1f14b81edbd
149,D3,9edc7f2f5a9fecb3cdec8e4292e09b62d8006f78,a6f66e9dd37f764403fc7c1f26be09ab4af24fed,1935,https://github.com/d3/d3/issues/1935,https://github.com/d3/d3/tree/9edc7f2f5a9fecb3cdec8e4292e09b62d8006f78,https://github.com/d3/d3/tree/a6f66e9dd37f764403fc7c1f26be09ab4af24fed,https://github.com/d3/d3/compare/9edc7f2f5a9fecb3cdec8e4292e09b62d8006f78...a6f66e9dd37f764403fc7c1f26be09ab4af24fed
150,D3,e7652fc14913b512ff619875162ea23e7251b9d6,78ce531f79e82275fe50f975e784ee2be097226b,9,https://github.com/d3/d3/issues/9,https://github.com/d3/d3/tree/e7652fc14913b512ff619875162ea23e7251b9d6,https://github.com/d3/d3/tree/78ce531f79e82275fe50f975e784ee2be097226b,https://github.com/d3/d3/compare/e7652fc14913b512ff619875162ea23e7251b9d6...78ce531f79e82275fe50f975e784ee2be097226b
151,D3,c36befc7361cd61538294048c387a8a407b65dd1,dab64a2c662d01765352c0b67fab589210fb26bb,2025,https://github.com/d3/d3/issues/2025,https://github.com/d3/d3/tree/c36befc7361cd61538294048c387a8a407b65dd1,https://github.com/d3/d3/tree/dab64a2c662d01765352c0b67fab589210fb26bb,https://github.com/d3/d3/compare/c36befc7361cd61538294048c387a8a407b65dd1...dab64a2c662d01765352c0b67fab589210fb26bb
